,returns,vol,NVDA,INCY,TSLA,XLNX,ALGN,CERN,LRCX,XEL,SWKS,MU
0,0.159,0.16892920400662684,4.285940122816593e-17,0.0,7.23901130342604e-18,0.1031099999503146,0.0,0.22963472868373627,0.0,0.6672552713659491,3.558009769283657e-18,3.018072133553045e-17
1,0.16001005025125628,0.16851403998104342,0.0,0.0,2.5017835122452902e-17,0.12895615773063665,0.0,0.2102628646705092,0.0,0.6607809775988542,0.0,1.6262902579632454e-17
2,0.16102010050251256,0.1683328022171849,0.0,0.004663514466612285,8.384881798833602e-18,0.13327477986288339,0.0,0.20351420525086636,2.123614252729814e-18,0.658547500419638,0.0,8.683037396267116e-18
3,0.16203015075376884,0.1681896839455163,2.0999858393586225e-19,0.009592060462382113,0.0002745451946343462,0.133650284941561,4.726074674033905e-18,0.1984598647724247,1.592046210494674e-17,0.6580232446289979,0.0,1.1032153477576058e-18
4,0.16304020100502511,0.16806734139764284,0.0,0.011177933411407935,0.0024593733218640636,0.13197448440715176,8.067837111104305e-18,0.1956737504995552,5.74796837007532e-19,0.6587144583600211,1.4029491687668467e-17,0.0
5,0.16405025125628142,0.1679555079213473,2.6504821272476327e-17,0.012474697637100495,0.004646399662569401,0.13227262920449928,0.0,0.19418476570494775,0.0,0.6564215077908832,1.801471061490917e-17,0.0
6,0.1650603015075377,0.16785524389405773,0.0,0.013921797249762183,0.006829377568936526,0.13166315283650848,0.0,0.19229311238610788,0.0,0.6552925599586849,1.0312512621025326e-17,4.8070327656811055e-18
7,0.16607035175879398,0.16776630634048253,0.0,0.015346950098714215,0.009037878061443393,0.1310346236882086,1.391664516791569e-17,0.19084798603652348,0.0,0.6537325621151104,0.0,1.540342895400282e-17
8,0.16708040201005026,0.16768879968812989,0.0,0.01677550038541656,0.011256518660098516,0.13031302667402678,3.474574504245458e-18,0.18952042358878324,0.0,0.652134530691675,3.540686971685906e-18,3.5264234235377925e-18
9,0.16809045226130653,0.16762205586249218,1.222598898618431e-17,0.01827553997212087,0.013388205814087863,0.12977290330940316,0.0,0.18698046953363176,9.443022659034092e-18,0.6515828813707564,8.667140479349153e-18,0.0
10,0.1691005025125628,0.16756673671846775,0.0,0.01977564757340199,0.01553438701760848,0.1291495460767608,1.0820535054144724e-17,0.18468237154531472,1.7748932852426836e-17,0.650858047786914,0.0,6.629739779255578e-18
11,0.1701105527638191,0.16752274983819887,0.0,0.02129647560185382,0.017675241164660495,0.1284869662592916,1.2385828772652874e-18,0.18243285947881333,0.0,0.6501084574953807,3.1908532300911547e-18,0.0
12,0.17112060301507537,0.1674901106677993,3.1637733088755702e-18,0.022862145083491704,0.019802945908640023,0.1277674548516849,0.0,0.1803199988916637,0.0,0.6492474552645198,2.1561776348566264e-18,0.0
13,0.17213065326633165,0.16746887658388138,2.0951644432988704e-18,0.024552941763981526,0.021886308641515282,0.1269013910466734,0.0,0.17836233627600753,1.7068401045290744e-17,0.6482970222718222,2.263634060843534e-17,0.0
14,0.17314070351758795,0.16745872121102282,0.0,0.02573247646661201,0.024174964384195523,0.1264764695820787,4.401188694095107e-18,0.17611085356513909,0.0,0.6475052360019747,7.110432721717435e-18,0.0
15,0.17415075376884423,0.16746008176444244,0.0,0.027394823032028337,0.026265299522382782,0.12565700999772045,0.0,0.17405192646874862,7.647618885614752e-18,0.6466309409791198,1.0678669513433477e-18,5.8035085732010285e-18
16,0.1751608040201005,0.16747277939496966,0.0,0.028999455637985665,0.02838393453645546,0.12484662691596736,0.0,0.17200956431729486,0.0,0.6457604185922966,0.0,1.2616639167234064e-17
17,0.17617085427135679,0.167496783879949,0.0,0.03055927786374707,0.030522257620128043,0.12406796561863664,0.0,0.16997833777695714,0.0,0.6448721611205311,7.799589680637605e-18,8.602860341692872e-18
18,0.17718090452261306,0.16753212019741276,0.0,0.03211900773689805,0.03266243387903762,0.1232694175388497,1.858912263379433e-18,0.16794732859153494,0.0,0.6440018122536798,0.0,2.4250207722921454e-18
19,0.17819095477386934,0.16757821557253622,6.063173400474716e-18,0.032919225462932994,0.03509736638359162,0.12340115640471574,7.929425061792663e-18,0.16598782922988597,2.9745790852101086e-18,0.6425944225188736,1.3516639582708693e-18,0.0
20,0.17920100502512562,0.1676360172319495,0.0,0.03439896132543978,0.03726262448599194,0.12276227418489151,0.0,0.16395133682367488,3.0311321265425727e-18,0.641624803180002,4.4613339424030195e-18,0.0
21,0.18021105527638193,0.16770509733879935,0.0,0.03588110709791655,0.03942710184444573,0.12211830845273505,0.0,0.16191328347832754,0.0,0.6406601991265752,0.0,1.5478213908287704e-17
22,0.1812211055276382,0.16778544191226938,0.0,0.03736408701206079,0.04159164069788556,0.12146918329818032,0.0,0.15987551426563165,8.80273868109816e-18,0.6396995747262417,1.1777684650983769e-17,7.799851671549069e-18
23,0.18223115577889448,0.16787684565674194,4.364970566095422e-18,0.038662212168767994,0.04351493972321287,0.12070959857479291,0.0006442558054104495,0.15781029885226644,1.5414376379028562e-17,0.6386586948755494,7.980815233924823e-18,0.0
24,0.18324120603015076,0.16797802194878944,0.0,0.039753234406579206,0.0451695767489604,0.11983176881516037,0.002006798367003823,0.15572290562124105,0.0,0.6375157160410552,1.0938325072277792e-18,1.1409398864691122e-17
25,0.18425125628140704,0.1680887235843628,2.0057740190981832e-18,0.04084263357340796,0.0468150963876572,0.11894392118523087,0.003389699981761423,0.15363493733467867,0.0,0.6363737115372639,1.5365177663193008e-18,3.62021881656488e-18
26,0.18526130653266332,0.16820914148761387,0.0006032627045501255,0.041952738819329934,0.04821812967859074,0.1179260200406348,0.0045077887986542204,0.1516236498351382,0.0,0.6351684101231021,0.0,7.779150587583494e-18
27,0.1862713567839196,0.168337859724916,0.002278126393933961,0.04274312211196282,0.04932823143265088,0.11631676383304433,0.005298661841186156,0.14989711218885443,0.0,0.6341379821983674,0.0,1.3552527156068805e-19
28,0.18728140703517587,0.16847387290580876,0.0038873240089876623,0.043537938419534905,0.05045627579466486,0.1147234827638286,0.006127801789544118,0.14816381385612476,0.0,0.6331033633673151,5.285485590866834e-18,9.812029660993815e-18
29,0.18829145728643215,0.1686171839696635,0.005479840708364661,0.044330601470269786,0.051594362228734085,0.11313497864907775,0.006959978022452718,0.14644164769062995,4.824699667560495e-18,0.6320585912304711,1.81603863891322e-18,4.004236435450526e-18
30,0.18930150753768843,0.1687671763469697,0.006342253048727631,0.04495374235427086,0.053331912555067286,0.11228453661967062,0.007563168418229231,0.1444547982887161,0.0,0.6310695887153184,0.0,0.0
31,0.19031155778894474,0.16892496022476972,0.007894798852046993,0.04575291674203912,0.05451285811386966,0.11078106199668461,0.008336576141343702,0.14262690428605346,0.0,0.6300948838679625,5.177065373618284e-18,0.0
32,0.191321608040201,0.16908998556243982,0.009442067729366137,0.0465516020256826,0.055695860022707336,0.10927645225003464,0.009113060763848048,0.1407976647603763,0.0,0.629123292447985,0.0,1.2630955309456127e-17
33,0.1923316582914573,0.16926223196707962,0.010987970520889342,0.0473503231838455,0.05687935784335334,0.10777138382742135,0.009890298767599271,0.1389682966257312,0.0,0.6281523692311599,1.7076184216646695e-18,1.3471211993132393e-17
34,0.19334170854271357,0.1694416775197387,0.012532664103132524,0.04814911871417985,0.05806319469255728,0.10626587156337268,0.010668360448613504,0.13713885269027576,0.0,0.6271819377878685,0.0,0.0
35,0.19435175879396985,0.1696282994701025,0.014076216084787386,0.04894803462078009,0.05924725622068086,0.10475991679780383,0.011447339262284676,0.13530938729375022,9.351243737687476e-18,0.6262118497199131,2.846030702774449e-18,0.0
36,0.19536180904522613,0.1698220743672963,0.015623233339973263,0.04974672871983787,0.0604309119439033,0.10325452332424176,0.012223037815451188,0.1334804358868714,0.0,0.6252411289697212,0.0,1.0408340855860843e-17
37,0.1963718592964824,0.1700229775838666,0.017174766400882165,0.0505452008984302,0.06161403640927607,0.10174984433343785,0.01299439844556822,0.13165200824385714,0.0,0.6242697452685484,0.0,7.535205098774256e-18
38,0.1973819095477387,0.17023098367352169,0.018724537458385124,0.05134401277250004,0.0627973813834409,0.10024434551773921,0.013767286552141966,0.12982345015721783,0.0,0.6232989861585748,4.2825985813177425e-18,1.7184604433895245e-17
39,0.198391959798995,0.17044606669773352,0.020272457162437734,0.052143200837876796,0.06398096272138015,0.09873789245661538,0.014541769844277973,0.12799477744626025,0.0,0.6223289395311516,4.885686039762804e-18,9.31058615621927e-18
40,0.19940201005025127,0.1706681999825739,0.02181845363755005,0.052942790944589264,0.06516480515071606,0.09723029125593685,0.015317902419055906,0.1261660813455289,3.3881317890172014e-18,0.6213596752466228,3.7269449679189215e-18,9.513874063560301e-18
41,0.20041206030150754,0.17089735613236348,0.02336247047068391,0.0537427960043539,0.06634895461003809,0.09572133833188115,0.016095692340897878,0.12433743157813185,4.756937031780151e-18,0.6203913166640133,6.505213034913027e-19,0.0
42,0.20142211055276382,0.17113350705010594,0.024904492174847,0.05454321385977077,0.06753346119308587,0.09421078280662784,0.01687511609438497,0.12250896221910301,0.0,0.6194239716521805,3.211948935988307e-18,3.5236570605778894e-18
43,0.2024321608040201,0.1713766239451325,0.026444567022433127,0.05534402078482741,0.06871838296465513,0.09269833725796817,0.01765608587178118,0.12068083226312036,0.0,0.6184577738352146,0.0,1.0706496453294356e-18
44,0.20344221105527638,0.1716266773548089,0.027982806085144012,0.05614517611173839,0.06990377515262525,0.0911836964468964,0.01843846492132822,0.11885324828569668,1.100465205072787e-17,0.6174928329965711,0.0,0.0
45,0.20445226130653266,0.1718836371475744,0.029519401006993812,0.05694660020931521,0.0710896842921312,0.08966655581635453,0.019222074269766878,0.11702646271568044,0.0,0.616529221689758,0.0,0.0
46,0.20546231155778893,0.17214747204639605,0.03107012375530312,0.057748891559575286,0.07226839259646334,0.08815505464399243,0.020000452431260494,0.11520042587337395,0.0,0.6155566591400313,0.0,8.023096076392733e-18
47,0.2064723618090452,0.17241815017978787,0.03262987375466765,0.05855164005609003,0.07344255100857387,0.08664732702500606,0.020775460439303374,0.11337500151679739,4.7704895589362195e-18,0.6145781461995617,3.645629804982509e-18,3.211948935988307e-18
48,0.2074824120603015,0.1726956395257769,0.0341899227786112,0.05935439375318148,0.07461657761687393,0.08513884046336304,0.021550520558778204,0.1115503193537098,0.0,0.6135994254754824,7.684282897491013e-18,2.8053731213062427e-18
49,0.2084924623115578,0.17297990595068352,0.03574951325506027,0.06015564218048608,0.07579335130335298,0.08363189207720925,0.02232202590710361,0.10972415535392965,0.0,0.6126234199228582,5.163512846462215e-18,2.5614276324970042e-18
50,0.20950251256281407,0.17327091438013156,0.03730766092801508,0.06095370176554674,0.076976113859806,0.08212953803769814,0.023085954406234187,0.10789358769667462,0.0,0.6116534433060252,0.0,1.0842021724855044e-18
51,0.21051256281407035,0.1735686336760308,0.03886582939615703,0.061751764899598105,0.07815883213566632,0.0806271620313317,0.023849941733769135,0.10606302212906567,0.0,0.6106834476744121,9.2970336290632e-18,0.0
52,0.21152261306532663,0.1738730293656861,0.04042401701972547,0.06254983758736682,0.07934150384940925,0.07912475881591828,0.02461398945613386,0.10423245934979004,4.689174395999807e-18,0.6097134339216562,0.0,7.020209066843641e-18
53,0.2125326633165829,0.1741840664484666,0.04198223273742015,0.06334791371379499,0.08052412355224488,0.07762233012695521,0.025378102255663445,0.1024018956765365,9.798477133837746e-18,0.6087434019373849,5.285485590866834e-19,0.0
54,0.2135427135678392,0.1745017094156625,0.043540471066015426,0.06414600479735552,0.0817066851899129,0.07611987841350039,0.026142286864840998,0.100571328945757,0.0,0.607773344722618,4.526544070126981e-18,5.9495594215142056e-18
55,0.2145527638190955,0.17482592226022411,0.04509873589766931,0.06494410156003559,0.08288919156013204,0.07461739958460355,0.026906543749840243,0.09874077870505246,0.0,0.6068032489426668,0.0,0.0
56,0.21556281407035177,0.17515666850264536,0.046657025737068474,0.06574221206120213,0.0840716351179812,0.0731148974126598,0.027670879452460082,0.09691022137958506,0.0,0.6058331288390433,3.1848438816761693e-18,4.228388472693467e-18
57,0.21657286432160805,0.1754939112039751,0.048215344763667435,0.06654033738410449,0.08525401435828961,0.07161235723730591,0.02843529369878563,0.09507966522906126,1.0150842839895535e-17,0.6048629873287856,0.0,9.784924606681678e-18
58,0.21758291457286433,0.17583761298968847,0.04977368892101834,0.06733847381142713,0.08643633007490649,0.07010979732044789,0.029199791105716348,0.09324912527516692,6.505213034913027e-19,0.6038927934913171,1.6805133673525319e-18,0.0
59,0.2185929648241206,0.1761877360554683,0.05133205717050758,0.06813662568950533,0.08761858187191825,0.06860719472692592,0.029964372277932416,0.09141857980183685,2.290377089375628e-18,0.6029225884613738,7.060866648311848e-18,0.0
60,0.21960301507537688,0.17654424220117773,0.05289044979043378,0.06893478829498664,0.08880076531718434,0.06710456960771632,0.030729046286016068,0.08958803027352105,5.9495594215142056e-18,0.6019523504301418,2.358139725155972e-18,7.399679827213568e-18
61,0.22061306532663316,0.17690709283889858,0.054448862797045146,0.06973296372024858,0.08998288830374161,0.06560190108562514,0.03149380577775666,0.0877574956925502,0.0,0.6009820826230329,5.908901840045999e-18,0.0
62,0.22162311557788944,0.17727624901049457,0.056007294956605905,0.07053115173936898,0.09116494950981127,0.06409920403122352,0.03225865167674755,0.08592696310914184,0.0,0.600011784977101,3.9979955110402976e-18,0.0
63,0.22263316582914572,0.17765167140971835,0.057565740976593074,0.0713293522431916,0.09234694903758398,0.06259645097259287,0.03302359475553943,0.08409642880811756,9.256376047594994e-18,0.5990414832063815,2.1955093992831465e-18,0.0
64,0.223643216080402,0.17803332039054015,0.059124194612266756,0.07212755985848956,0.09352889298189108,0.061093679392065885,0.03378862902715558,0.08226588125485927,9.608741753652783e-18,0.5980711628732719,0.0,0.0
65,0.22465326633165827,0.17842115600458106,0.060682655599641866,0.07292577759037777,0.09471078326983275,0.059590853924478805,0.03455375499231655,0.08043532914042088,6.1663998560113065e-18,0.5971008454829314,2.1141942363467336e-18,0.0
66,0.22566331658291455,0.17881513799003668,0.062241105590870385,0.07372399765834475,0.09589262978579291,0.058087998683140796,0.035318979646698626,0.07860478004347551,1.463672932855431e-17,0.596130508591677,1.9786689647860456e-18,0.0
67,0.22667336683417086,0.17921522581593116,0.06379955445741955,0.07452222419373562,0.09707443351392807,0.05658507547332384,0.03608429171852796,0.07677422908097827,2.439454888092385e-18,0.5951601915620868,0.0,1.0191500421363742e-17
68,0.22768341708542714,0.1796213786797325,0.06535798879441707,0.07532045563393311,0.09825619500089534,0.05508210839338311,0.036849702756644315,0.07494366023059952,0.0,0.5941898891901277,3.482999479109683e-18,0.0
69,0.22869346733668341,0.18003355552919814,0.0669163977204276,0.07611867927455515,0.09943793303157064,0.05357908706080072,0.03761520475639323,0.07311308394265205,8.212831456577696e-18,0.5932196142136007,0.0,2.2768245622195593e-18
70,0.2297035175879397,0.18045171509045302,0.06847476754849723,0.07691690368834855,0.10061964997202905,0.05207601828233283,0.03838080022458976,0.07128249229045545,3.4423418976414766e-18,0.5922493679937472,6.532318089225164e-18,0.0
71,0.230713567839196,0.18087581586506898,0.07003309819281239,0.0777151212300366,0.10180135157329508,0.05057288044942487,0.03914648883126425,0.06945187803022805,1.0313473165768361e-17,0.5912791816929389,0.0,6.871131268126884e-18
72,0.23172361809045228,0.18130581616110444,0.07159137084861562,0.07851332828439062,0.10298305010038168,0.04906968815014305,0.03991227141171143,0.06762124708244034,0.0,0.5903090441223172,1.6805133673525319e-18,0.0
73,0.23273366834170855,0.18174167410144165,0.07314957845055052,0.07931152478382664,0.10416475636809723,0.04756642427227268,0.0406781386024924,0.0657905895676148,8.416119363918728e-18,0.5893389879551457,7.047314121155779e-19,9.961107459710572e-18
74,0.23374371859296483,0.1821833476444345,0.07470770195740069,0.08010970679756453,0.10534647787567078,0.04606308976578427,0.041444103253444206,0.06395991474208222,0.0,0.5883690056080533,3.916680348103885e-18,0.0
75,0.2347537688442211,0.18263079459433956,0.07626573827309818,0.08090786758580026,0.10652822591407357,0.044559676429851786,0.04221015440754689,0.0621292010677077,4.797594613248357e-18,0.5873991363219216,1.3417001884508117e-18,0.0
76,0.2357638190954774,0.18308397261828713,0.07782366476283512,0.08170600658009106,0.10771001294287545,0.04305618418080495,0.04297629713691386,0.060298461413874654,4.621411760219463e-18,0.5864293729826049,0.0,1.0814916670542907e-17
77,0.23677386934673367,0.1835428392642505,0.07938146177584138,0.08250412462583383,0.10889185293121782,0.04155260995734191,0.04374252842846293,0.05846769229652452,2.2090619264392153e-18,0.5854597299847777,0.0,0.0
78,0.23778391959798995,0.18400735197188087,0.08093912383599917,0.08330220993539197,0.11007375598307759,0.04004894667900195,0.044508847225494565,0.05663687764953394,8.632959798415829e-18,0.5844902386915009,6.776263578034403e-20,2.1819568721270777e-18
79,0.23879396984924622,0.18447746808778914,0.08249662652042541,0.08410026535954927,0.11125573962279926,0.03854519205803786,0.04527524890383611,0.05480603882925948,0.0,0.5835208887060925,0.0,1.4230153513872246e-17
80,0.2398040201005025,0.18495314488078785,0.08405395462765561,0.0848982824995152,0.11243781489981831,0.03704134077307185,0.04604173760351636,0.052975136222439795,4.052205619664573e-18,0.5825517333739829,0.0,6.179952383167375e-18
81,0.24081407035175878,0.18543433956109348,0.08561108948270023,0.085696265910046,0.11361999467445336,0.035537377380416256,0.046808312147435,0.05114420786366369,0.0,0.5815827525412856,1.0299920638612292e-18,0.0
82,0.24182412060301506,0.18592100927269467,0.0871680079449356,0.08649420425721759,0.11480230087188105,0.03403332234532616,0.04757496518433484,0.04931323471144353,1.531435568635775e-18,0.5806139646848613,0.0,1.2292142130554407e-17
83,0.24283417085427134,0.18641311114084907,0.08872469635792912,0.0872920999322053,0.11598474268936011,0.03252914106471954,0.04834169995371883,0.04748222282203101,0.0,0.5796453971800362,0.0,0.0
84,0.24384422110552764,0.18691060225851494,0.0902811313247058,0.08808994543505741,0.11716733578195651,0.031024843530716828,0.04910852054612667,0.045651172665321475,0.0,0.5786770507161154,2.3445871979999033e-18,0.0
85,0.24485427135678392,0.18741343969996452,0.09183729741076105,0.08888773966633838,0.11835009758108256,0.029520413913547466,0.049875416310386014,0.04382008136518949,5.800481622797449e-18,0.577708953752695,0.0,1.6425662913155392e-17
86,0.2458643216080402,0.1879215805527012,0.0933931626693712,0.08968548248987869,0.11953304253483389,0.02801587978975525,0.05064239352242499,0.04198893900150343,0.0,0.5767410999922326,0.0,0.0
87,0.24687437185929648,0.18843498191534308,0.0949487209525691,0.09048317120610735,0.12071618603311764,0.02651117753855111,0.05140944611686739,0.040157783362072264,0.0,0.5757735147907153,0.0,0.0
88,0.24788442211055278,0.18895360089130095,0.0965039342735266,0.0912807973920481,0.1218995496980008,0.025006372545970497,0.052176573871941474,0.03832657918701678,0.0,0.5748061930314958,0.0,0.0
89,0.24889447236180906,0.18947739465542454,0.09805879379032774,0.092078360491246,0.1230831480573172,0.0235014064381473,0.052943773563125844,0.03649537764010187,9.947554932554503e-18,0.5738391400197341,6.098637220230962e-19,0.0
90,0.24990452261306534,0.19000632041197046,0.09961328031378532,0.09287586207217333,0.12426699033441807,0.021996275734500404,0.05371104842585061,0.03466414819866189,1.9786689647860456e-18,0.5728723949206104,2.303929616531697e-18,2.710505431213761e-18
91,0.2509145728643216,0.1905403354094548,0.10116736963497903,0.0936732971856796,0.12545109685919545,0.02049102014379992,0.054478388373587955,0.03283291370988922,2.0328790734103208e-19,0.5719059140928688,0.0,5.014435047745458e-18
92,0.2519246231155779,0.1910793970055155,0.10272104747615816,0.09447066814879515,0.12663547751389212,0.018985569807514466,0.05524580286755353,0.031001690268474234,1.4501204056993622e-18,0.5709397439176124,1.1926223897340549e-18,4.851804721872632e-18
93,0.2529346733668342,0.1916234625875557,0.10427428613694162,0.0952679644792427,0.12782015842748315,0.017479981147547497,0.05601327668580609,0.0291704883230816,1.6805133673525319e-18,0.5699738447998974,0.0,9.64939933512099e-18
94,0.25394472361809045,0.19217248968452771,0.10582708100823633,0.09606519320535581,0.12900514196314655,0.015974205593458576,0.05678081405167949,0.02733932964070936,0.0,0.569008234537414,1.2468324983583301e-18,0.0
95,0.25495477386934673,0.19272643951547785,0.10737080322416098,0.09686467399488484,0.13019326992176228,0.014420408692656813,0.057559218539712846,0.02550356813733594,1.180425115293593e-17,0.5680880574894864,1.2468324983583301e-18,1.0842021724855044e-19
96,0.255964824120603,0.19328525284185474,0.10891461168857723,0.09765021299163135,0.13140564990133224,0.012869379742384376,0.058304924552728454,0.02367718884596195,4.363913744254155e-18,0.5671780322773844,2.358139725155972e-18,2.656295322589486e-18
97,0.2569748743718593,0.19384889169243835,0.11046247930285631,0.0984245996613649,0.132635634450649,0.011337543753248034,0.05902072925628051,0.021869115956367667,2.2632720350634905e-18,0.5662498976192336,0.0,7.223496974184673e-18
98,0.25798492462311556,0.194417761666377,0.11210489759360412,0.09939862372858652,0.13353058730011236,0.00898213613223105,0.06021580787227538,0.020222169789228164,0.0,0.5655457775839624,0.0,3.0818446752900464e-17
99,0.25899497487437184,0.19499075606902813,0.11358897220913775,0.10008727033344918,0.13488201090058993,0.007709167939056887,0.06081328191925421,0.018364675672185044,5.692061405548898e-18,0.5645546210263271,0.0,1.6154612370034016e-17
100,0.2600050251256281,0.1955685579820436,0.11512602232689467,0.10081793460172485,0.13618239083474037,0.006330030759474135,0.06142465634997815,0.016560785958626034,0.0,0.5635581791685619,6.2341624917916505e-19,0.0
101,0.2610150753768844,0.19615107882216767,0.11671369954819061,0.10159545437888572,0.13742084878900812,0.004873914954453294,0.0620616777478421,0.014772424707416534,0.0,0.5625619798742036,5.421010862427522e-20,2.6020852139652106e-18
102,0.26202512562814073,0.19673824344081825,0.11833405161375916,0.10240437696048618,0.13861146998375054,0.003402005755579878,0.06272193474253447,0.01297067377549797,0.0,0.5615554871683918,0.0,1.734723475976807e-18
103,0.26303517587939695,0.19733001400241604,0.11997487566226132,0.1032143728386078,0.139785336413815,0.001871817933634748,0.06339744659981643,0.011159601497458076,8.673617379884035e-18,0.5605965490544066,1.8431436932253575e-18,3.0357660829594124e-18
104,0.2640452261306533,0.1979267915534546,0.12255758557523953,0.10427501539090116,0.14052979833586876,3.345559833590233e-05,0.06357519886435013,0.009580613563228015,0.0,0.5594483326720766,0.0,0.0
105,0.26505527638190957,0.1985275355511979,0.1238427146597234,0.10500624783652192,0.14179258366309289,0.0,0.06429741836432509,0.007149884277021164,5.4752209710517974e-18,0.5579111511993156,0.0,6.911788849595091e-18
106,0.26606532663316584,0.19913351338919968,0.12512357940544758,0.10574033989782003,0.14305166060715443,1.3715157481941631e-17,0.06502313666387519,0.004714466847446706,8.673617379884035e-19,0.556346816578256,4.7704895589362195e-18,0.0
107,0.2670753768844221,0.1997446844944379,0.1264060399469541,0.10647487366623981,0.1443100048619428,4.7704895589362195e-18,0.06574797241854488,0.0022804726270926647,5.5294310796760726e-18,0.5547806364792258,5.583641188300348e-18,0.0
108,0.2680854271356784,0.200361004597912,0.12769282644417812,0.10719368131689959,0.14558644954104458,4.4994390158148434e-18,0.06645655470481239,6.505213034913027e-19,2.0057740190981832e-18,0.5530704879930654,3.3610267347050637e-18,0.0
109,0.2690954773869347,0.2009834905799674,0.1289489354145767,0.10770403677045788,0.1471128784636342,0.0,0.06705038207529225,3.0357660829594124e-18,0.0,0.549183767276039,0.0,6.2341624917916505e-18
110,0.27010552763819096,0.20161300317065237,0.13018481500394988,0.10822785484229455,0.14862447796222664,0.0,0.06768397386205247,2.927345865710862e-18,0.0,0.5452788783294764,2.710505431213761e-19,0.0
111,0.27111557788944723,0.2022494830951303,0.1314126723172118,0.10875910099410377,0.1501276876287254,4.4181238528784306e-18,0.06833610639320686,0.0,5.3939058081153846e-18,0.5413644326667523,0.0,1.3660947373317356e-17
112,0.2721256281407035,0.20289285648369335,0.1326216554693779,0.1093008757752754,0.15162151627203502,0.0,0.06901885071348816,0.0,4.228388472693467e-18,0.5374371017698235,1.0842021724855044e-19,0.0
113,0.2731356783919598,0.20354304989622496,0.13379441835534447,0.1098570467871137,0.15310517059580042,4.87890977618477e-19,0.06975102928492333,0.0,0.0,0.533492334976818,1.463672932855431e-18,3.74049749507499e-18
114,0.27414572864321607,0.20420000199308083,0.13491441219009376,0.110426538041347,0.15458142648561496,1.8431436932253575e-18,0.0705484014855855,9.215718466126788e-19,0.0,0.5295292217973588,2.168404344971009e-19,0.0
115,0.27515577889447235,0.20486367776866593,0.1360130175374836,0.11098648586969094,0.15606363990312935,0.0,0.07136929791795368,1.2468324983583301e-18,1.4474099002681484e-17,0.5255675587717424,0.0,4.87890977618477e-19
116,0.2761658291457286,0.20553403389297853,0.13720082165360017,0.11151574749865228,0.15755627870083325,0.0,0.07209154502230937,2.8189256484623115e-18,4.662069341687669e-18,0.5216356071246049,0.0,0.0
117,0.2771758793969849,0.20621099123051942,0.13845794713580972,0.11205097134126116,0.1590363516415107,8.131516293641283e-20,0.07274818408259034,7.047314121155779e-18,7.914675859144182e-18,0.5177065457988282,8.131516293641283e-19,0.0
118,0.2781859296482412,0.20689446369068745,0.1397138146618931,0.11258679911638353,0.16051618548053784,0.0,0.07340622776997556,1.431146867680866e-17,1.1655173354219173e-17,0.51377697297121,9.75781955236954e-19,2.3852447794681098e-18
119,0.2791959798994975,0.20758438690475536,0.14096925666255586,0.11312278027536904,0.1619964622713503,0.0,0.07406380800878096,0.0,9.47999274567013e-18,0.5098476927819438,5.963111948670274e-19,8.4500006818089e-18
120,0.28020603015075374,0.20828069674481547,0.14222420644702177,0.11365893567109599,0.16347722011024557,5.692061405548898e-18,0.07472091393819859,9.75781955236954e-19,1.7448878713438587e-18,0.5059187238334382,9.046311876675928e-19,7.589415207398531e-19
121,0.28121608040201007,0.20898332938008857,0.14347861365129674,0.11419526343061248,0.16495850555182817,8.782037597132586e-18,0.07537752054988314,0.0,7.26415455565288e-18,0.5019900968163796,1.6263032587282567e-18,0.0
122,0.28222613065326635,0.2096922212567954,0.14473241623777877,0.11473174659162566,0.16644038040622156,0.0,0.07603360230884013,7.209944447028604e-18,0.0,0.498061854455534,0.0,9.215718466126788e-18
123,0.2832361809045226,0.21040730910621433,0.14598554271581082,0.11526837890044847,0.16792291188337477,0.0,0.07668912480558464,7.806255641895632e-18,0.0,0.49413404169478126,3.957337929572091e-18,7.643625316022806e-18
124,0.2842462311557789,0.21112852994857487,0.14723791954354193,0.11580511378830298,0.1694061811464994,0.0,0.07734406740085507,0.0,8.023096076392733e-18,0.4902067181208007,0.0,1.5178830414797062e-17
125,0.2852562814070352,0.2118558211711015,0.148489500061103,0.1163418983921138,0.17089026695066306,0.0,0.07799838768053828,7.914675859144182e-18,1.2847795743953228e-17,0.4862799469155819,1.8431436932253575e-18,0.0
126,0.28626633165829146,0.2125891204803989,0.14974027074193072,0.11687864329029585,0.1723752646367983,0.0,0.07865200602625186,1.3660947373317356e-17,0.0,0.48235381530472343,6.559423143537302e-18,1.4094628242311558e-18
127,0.28727638190954774,0.21332836591990292,0.15099022493525024,0.11741522640998808,0.17386125022936377,0.0,0.07930490129941131,6.7220534694101275e-18,0.0,0.4784283971259866,0.0,2.574980159653073e-17
128,0.288286432160804,0.214073495932255,0.15223945634457559,0.11795148391838745,0.17534829367206173,9.269928574751063e-18,0.07995698187844846,5.583641188300348e-18,6.884683795282953e-18,0.47450378418652667,0.0,0.0
129,0.2892964824120603,0.2148244492912723,0.15348808431359665,0.11848716230726856,0.17683644500397158,2.1141942363467336e-18,0.08060824624706417,0.0,0.0,0.470580062128099,1.7889335846010823e-18,2.222614453595284e-18
130,0.2903065326633166,0.2155811651777308,0.15473634879137987,0.11902194190940923,0.17832568595949388,1.555830117516699e-17,0.08125873784625394,4.0115480381963664e-18,7.48099499014998e-18,0.46665728549346325,0.0,1.940721888749053e-17
131,0.29131658291457285,0.21634358312869795,0.15598456512504538,0.11955536647790377,0.1798159422611997,1.940721888749053e-17,0.08190864208956383,0.0,0.0,0.46273548404628745,0.0,2.0111950299606107e-17
132,0.29232663316582913,0.21711218323633194,0.15821174295899793,0.12009685204150986,0.18109499257980258,0.0,0.08176670919402258,5.637851296924623e-18,0.0,0.45882970322566713,0.0,0.0
133,0.2933366834170854,0.21788568260791719,0.15929547288192955,0.12068701157612624,0.18258854985249973,6.288372600415926e-18,0.08255597870132657,2.1358782797964437e-17,1.723881454251952e-17,0.4548729869881179,3.903127820947816e-18,0.0
134,0.29434673366834174,0.21866472344776797,0.16036018405816585,0.12127361703005643,0.1840952318791682,0.0,0.08334682096941641,1.8323016715005025e-17,1.1384122811097797e-17,0.4509241460631931,8.673617379884035e-19,0.0
135,0.29535678391959796,0.21944925661714765,0.16142130296891868,0.12184598312861179,0.1856155599978378,8.890457814381136e-18,0.08412961354217996,0.0,6.830473686658678e-18,0.44698754036245186,2.4936649967166602e-18,9.215718466126788e-18
136,0.2963668341708543,0.22023922779564087,0.1625091513452244,0.12239057350733996,0.18714518132682437,0.0,0.08488859115797137,0.0,5.421010862427522e-18,0.44306650266263997,4.7704895589362195e-18,1.691355389077387e-17
137,0.2973768844221105,0.22103456587119885,0.1636368846668079,0.12289713401900947,0.1886742411129253,1.723881454251952e-17,0.085636005485231,0.0,4.228388472693467e-18,0.4391557347160264,4.7704895589362195e-18,0.0
138,0.29838693467336685,0.2218352311235704,0.16487858129130128,0.12340452416544505,0.19018091995378583,2.5045070184415152e-17,0.08628718838260574,2.168404344971009e-18,8.565197162635485e-18,0.4352487862068621,5.5294310796760726e-18,0.0
139,0.2993969849246231,0.22264113703943117,0.1661338522328593,0.12392698736071969,0.19167433475177725,1.0950441942103595e-17,0.08693287083586261,1.1275702593849246e-17,9.974659986866641e-18,0.4313319548187812,0.0,0.0
140,0.3004070351758794,0.22345222018073144,0.16739148630411627,0.12444777181697295,0.19316768384974015,0.0,0.087577392382838,0.0,1.431146867680866e-17,0.4274156656463327,4.662069341687669e-18,0.0
141,0.3014170854271357,0.2242684244578138,0.16865186549282368,0.12496678787623736,0.19466073914072662,5.9631119486702744e-18,0.08822080523910628,0.0,1.0842021724855044e-18,0.423499802251106,8.239936510889834e-18,0.0
142,0.30242713567839197,0.225089694205049,0.16991535440321595,0.12548398433663555,0.19615323678447424,0.0,0.08886321371098527,4.85722573273506e-17,0.0,0.4195842107646891,0.0,0.0
143,0.30343718592964825,0.225915974223371,0.17118229021682574,0.1259993096191746,0.19764490478366212,4.445228907190568e-18,0.0895047709833791,0.0,0.0,0.4156687243969586,6.938893903907228e-18,3.144186300207963e-18
144,0.3044472361809045,0.2267472097680956,0.17245299110556486,0.12651274597108747,0.19913543216422566,4.228388472693467e-18,0.09014569488686829,0.0,6.288372600415926e-18,0.4117531358722539,0.0,1.22514845490862e-17
145,0.3054572864321608,0.2275833465906027,0.17372775162629273,0.12702430507021742,0.2006244825690125,0.0,0.0907862522049737,0.0,0.0,0.4078372085295037,0.0,1.951563910473908e-18
146,0.3064673366834171,0.22842433090030434,0.17500678673731387,0.127534032332679,0.20211171810680742,0.0,0.0914267770912662,0.0,0.0,0.40392068573193346,0.0,4.119968255444917e-18
147,0.30747738693467336,0.22927010941743803,0.17629026185313268,0.12804201466709245,0.20359679886763415,0.0,0.09206762868644888,4.607859233063394e-17,1.6154612370034016e-17,0.4000032959256919,0.0,6.288372600415926e-18
148,0.30848743718592964,0.23012062933592697,0.17757824974498823,0.1285483729340728,0.20507939058677582,8.131516293641283e-18,0.09270923558742875,3.404394821604484e-17,0.0,0.3960847511467344,0.0,4.445228907190568e-18
149,0.3094974874371859,0.23097583830743257,0.17887070889851803,0.1290532662325551,0.20655920851406476,0.0,0.09335203516256815,9.75781955236954e-19,1.4094628242311558e-17,0.3921647811922939,0.0,3.2742905609062234e-17
150,0.3105075376884422,0.23183568450626338,0.18016752417864007,0.12955688548311248,0.2080359742905405,2.927345865710862e-18,0.09399651211524314,2.6020852139652106e-18,1.7780915628762273e-17,0.38824310393246386,1.5178830414797062e-18,4.336808689942018e-18
151,0.3115175879396985,0.23270011663390183,0.1814684732344446,0.13005946286422104,0.20950944976286362,0.0,0.0946431665508441,1.0842021724855044e-19,0.0,0.3843194475876268,0.0,0.0
152,0.31252763819095475,0.23356908379355865,0.18277312398168186,0.13056127089489636,0.21097947015691598,4.629543276513104e-17,0.09529257557248075,1.1709383462843448e-17,2.0708261494473135e-17,0.380393559394025,1.3877787807814457e-17,0.0
153,0.3135376884422111,0.23444253554277067,0.184080810062558,0.1310626978848485,0.21244593028562458,0.0,0.09594537889321507,2.200930410145574e-17,0.0,0.37646518287375397,7.37257477290143e-18,1.5395670849294163e-17
154,0.3145477386934673,0.23532042182298818,0.1853905213264136,0.13156422190850425,0.21390884013614545,4.5536491244391186e-17,0.09660233067894808,2.5261910618912253e-17,0.0,0.37253408594998866,4.228388472693467e-18,0.0
155,0.31555778894472364,0.23620269286490075,0.18670079912234536,0.1320664861982841,0.21536838710137188,0.0,0.09726423815064958,1.0842021724855044e-19,0.0,0.36860008942734923,0.0,1.734723475976807e-18
156,0.31656783919597986,0.23708929910946072,0.18800960772620487,0.13257034381219251,0.2168250095595085,0.0,0.09793193667582424,8.131516293641283e-18,0.0,0.3646631022262698,0.0,1.2956215961201778e-17
157,0.3175778894472362,0.23798019122406303,0.18931444417274929,0.13307679157925942,0.21827944572817237,0.0,0.09860612701800128,0.0,0.0,0.36072319150181764,0.0,3.06287113727155e-17
158,0.3185879396984925,0.23887532010200407,0.190612480761708,0.13358690844635426,0.21973278773045432,1.8810907692623502e-17,0.09928715876474266,3.0466081046842675e-17,1.6371452804531117e-17,0.3567806642967408,8.998878031629687e-18,0.0
159,0.31959798994974875,0.2397746371599465,0.19190111283263578,0.13410168799550923,0.22118632467505023,1.9461428996114805e-17,0.09997482128277088,6.938893903907228e-18,0.0,0.35283605321403383,5.421010862427522e-18,0.0
160,0.32060804020100503,0.24067809463972817,0.19317856001412753,0.13462176715359334,0.22264137229205008,0.0,0.1006681917597712,0.0,0.0,0.3488901087804581,0.0,1.848564704087785e-17
161,0.3216180904522613,0.24158564601099472,0.1944445606219736,0.13514722453754635,0.22409892447880758,3.767602549387128e-18,0.10136564152361666,0.0,0.0,0.3449436488380558,6.667843360785852e-18,7.020209066843641e-18
162,0.3226281407035176,0.2424979073564774,0.19650233635000014,0.1353071959297911,0.22507417758401996,2.3012191111004832e-17,0.10235668515685387,0.0,0.0,0.340759604979335,0.0,2.9544509200229996e-18
163,0.32363819095477386,0.24341340888391041,0.19765480748651543,0.13579324039290439,0.22667073018371198,4.210770187390578e-17,0.10296633183923874,2.7321894746634712e-17,2.6820451241860166e-17,0.33691489009762954,2.7647155398380363e-18,0.0
164,0.32464824120603014,0.2443329236723219,0.1988404018228323,0.13629826129490472,0.22821169786227802,2.959702524295976e-17,0.10362290710370924,0.0,0.0,0.33302673191627585,1.5161889755851976e-18,0.0
165,0.3256582914572864,0.24525639129213295,0.20006091519042807,0.13682460434374824,0.22969458773299772,1.8648277366750676e-17,0.10432674445168617,0.0,1.2630955309456127e-17,0.3290931482811398,6.118966010965066e-18,0.0
166,0.3266683417085427,0.24618376916134968,0.2013360552275161,0.13735531515332663,0.23115300279978326,2.9436088982981445e-17,0.10500662631302009,0.0,0.0,0.32514900050635404,0.0,0.0
167,0.327678391959799,0.24711497528623544,0.20260949644513648,0.1378868805720478,0.2326114747057267,3.1143707404646115e-17,0.1056876539085089,2.574980159653073e-19,9.744267025213471e-18,0.32120449436858023,0.0,0.0
168,0.3286884422110553,0.24804996636764087,0.2038810393691662,0.13841930635204333,0.23407010913567045,0.0,0.1063698634947239,1.620882247865829e-17,0.0,0.3172596816483963,1.2739375526704677e-17,6.559423143537302e-18
169,0.32969849246231153,0.248988699555122,0.20515049334185828,0.13895260480541727,0.23552901222891198,0.0,0.1070532735474421,8.890457814381136e-18,2.3635607360183997e-17,0.31331461607637046,0.0,2.3635607360183997e-17
170,0.33070854271356787,0.24993113266291048,0.20641764529642467,0.13948678897594782,0.236988296672321,7.087971702623985e-18,0.10773791777688971,1.1695830935687379e-17,0.0,0.30936935127841686,8.117963766485214e-18,0.0
171,0.3317185929648241,0.2508772237318748,0.20768227952437238,0.14002185530223563,0.23844810577752223,0.0,0.10842378956305859,2.0203429857909572e-17,2.7901265282556653e-17,0.3054239698328113,0.0,1.261401465051104e-17
172,0.3327286432160804,0.2518269314016914,0.20894414006582027,0.14055780806547255,0.2399085930733561,1.675431169669006e-17,0.10911090522732879,0.0,3.24210330891056e-17,0.30147855356802244,0.0,0.0
173,0.33373869346733664,0.25278021465550016,0.21020299569126938,0.14109459878527683,0.24136995558489371,0.0,0.10979921783026864,0.0,0.0,0.2975332321082915,0.0,2.0721814021629203e-17
174,0.334748743718593,0.2537370330389289,0.2114585958996829,0.14163220846793093,0.24283237192300589,6.5052130349130266e-18,0.11048871143876582,0.0,0.0,0.2935881122706145,0.0,4.423544863740858e-17
175,0.33575879396984926,0.2546973466316091,0.21271066811207506,0.1421705972177417,0.24429605670812857,0.0,0.11117934899108098,0.0,0.0,0.2896433289709737,0.0,2.916503843986007e-17
176,0.33676884422110553,0.2556611157214171,0.2139589696374688,0.14270970160469135,0.2457612684418281,1.0842021724855044e-17,0.11187099529289043,3.67544536472586e-17,1.3660947373317356e-17,0.2856990650231211,4.553649124439119e-18,0.0
177,0.3377788944723618,0.2566283012679425,0.21520322456341304,0.14324944255556296,0.24722826495898037,1.7564075194265172e-17,0.11256357228934989,1.452830911130576e-17,8.673617379884035e-19,0.28175549563269386,0.0,0.0
178,0.3387889447236181,0.2575988645668918,0.2164432067120352,0.1437896956017675,0.24869735560254297,8.673617379884035e-18,0.11325688656735798,2.970713952610282e-17,5.9631119486702744e-18,0.27781285551629636,6.5052130349130266e-18,8.673617379884035e-19
179,0.33979899497487437,0.2585727675255293,0.21767865596437594,0.14433037527503115,0.2501688415207886,0.0,0.11395076564760581,0.0,1.2956215961201778e-17,0.2738713615921986,6.1257422745431e-18,0.0
180,0.34080904522613065,0.2595499723854081,0.21890938610193905,0.14487130241959706,0.2516430630901708,0.0,0.11464496047103664,1.5612511283791264e-17,3.2526065174565133e-18,0.2699312879172564,1.0950441942103595e-17,0.0
181,0.3418190954773869,0.2605304419438354,0.22013520790153435,0.14541231986001976,0.2531203661447099,7.15573433840433e-18,0.115339195385667,1.5178830414797062e-18,7.806255641895632e-18,0.26599291070806896,0.0,0.0
182,0.3428291457286432,0.2615141394994366,0.22135599643589104,0.14595322646663275,0.25460111724626566,0.0,0.11603311917473205,0.0,0.0,0.2620565406764786,0.0,1.1275702593849246e-17
183,0.3438391959798995,0.2625010287697243,0.2225717026610029,0.1464938003056218,0.2560856799125544,0.0,0.11672631370461478,0.0,1.940721888749053e-17,0.25812250341620624,0.0,1.8539857149502126e-17
184,0.34484924623115576,0.26349107408234923,0.22378231078198368,0.147033807599528,0.2575744089479533,1.3118846287074604e-17,0.1174183487784927,0.0,9.432558900623889e-18,0.25419112389204235,0.0,0.0
185,0.3458592964824121,0.26448424023472933,0.22498794504395614,0.14757297830392327,0.25906764244860564,0.0,0.11810869012682644,0.0,2.8297676701871666e-17,0.2502627440766886,4.119968255444917e-18,0.0
186,0.3468693467336683,0.2654804925644439,0.2261888338898886,0.14811103553048394,0.26056567207764475,3.3610267347050637e-18,0.11879677155071398,9.215718466126788e-18,4.87890977618477e-18,0.24633768695126876,0.0,1.496198998029996e-17
187,0.34787939698492465,0.2664797968297553,0.22738533453472679,0.14864769919006393,0.26206874287107734,7.37257477290143e-18,0.11948196164167943,0.0,0.0,0.24241626176245257,2.168404344971009e-18,0.0
188,0.34888944723618087,0.267482119585931,0.2285779508943837,0.14918269474835097,0.2635769870911671,6.960577947356938e-17,0.12016366028421877,0.0,1.8431436932253575e-17,0.23849870698187958,0.0,0.0
189,0.3498994974874372,0.268487427642432,0.22976735176363552,0.1497157750969121,0.26509045021506294,0.0,0.12084120481548606,2.5587171270657905e-17,0.0,0.23458521810890348,1.431146867680866e-17,0.0
190,0.35090954773869343,0.2694956884121681,0.23095436342878203,0.1502467207649036,0.2666090540353975,0.0,0.12151395010217751,3.426078865054194e-17,0.0,0.23067591166873935,1.5178830414797062e-17,1.3444106938820255e-17
191,0.35191959798994976,0.2705068697200441,0.23214003106190487,0.15077536739256203,0.26813253634363143,4.618701254788249e-17,0.12218128140097097,2.4069288229178198e-17,0.0,0.22677078380093071,1.6696713456276768e-17,1.3010426069826053e-18
192,0.352929648241206,0.2715209398337108,0.23332550288111992,0.15130161169863102,0.2696604772632135,3.3393426912553537e-17,0.12284269961449433,0.0,1.2576745200831851e-17,0.22286970854254118,1.6046192152785466e-17,0.0
193,0.3539396984924623,0.27253787268540625,0.23453284253855256,0.15182974182607983,0.2711747568522521,0.0,0.1235016739436524,1.6696713456276768e-17,1.5395670849294163e-17,0.21896098483946316,0.0,0.0
194,0.3549497487437186,0.2735576313828547,0.23574874866889728,0.15235753778550368,0.2726850118051828,2.47198095326695e-17,0.12415819542848641,0.0,8.673617379884035e-18,0.21505050631192962,1.452830911130576e-17,0.0
195,0.3559597989949749,0.2745801815638314,0.23696300872365994,0.15288273169680736,0.27420006854756496,0.0,0.12481009479498716,7.589415207398531e-18,0.0,0.21114409623698058,9.107298248878237e-18,2.4069288229178198e-17
196,0.35696984924623115,0.27560549281623486,0.23817648835647415,0.15340526895232118,0.27571972067296563,0.0,0.12545676695576025,2.2985086056692694e-17,2.5587171270657905e-17,0.2072417550624789,0.0,3.469446951953614e-18
197,0.35797989949748743,0.27663353505682253,0.23939027503094681,0.1539251889313185,0.2772435325306363,0.0,0.1260976824622733,4.7704895589362195e-18,7.806255641895632e-18,0.20334332104482503,0.0,1.734723475976807e-18
198,0.3589899497487437,0.27766427851895203,0.24060560857096916,0.15444261223594283,0.27877080794104786,0.0,0.12673254224209768,0.0,0.0,0.19944842900994258,8.673617379884035e-19,0.0
199,0.36,0.27869769370657677,0.24182379729680714,0.15495784489004163,0.28030060670829005,3.469446951953614e-18,0.12736125104432805,1.3877787807814457e-17,4.336808689942018e-19,0.19555650006053318,0.0,1.3444106938820255e-17
